[
  {
    "id": 1,
    "image":"assets/images/avatar-1.jpg",
    "name": "Sortino",
    "email": "Sortino@domain.com",
    "position": "Accountant",
    "office": "New York",
    "age": 45,
    "phone_no": "+447662552550",
    "date":"12/12/2016"
  },
  {
    "id": 2,
    "image":"assets/images/avatar-2.jpg",
    "name": "Larry",
    "email": "Larry@domain.com",
    "position": "Web Designer",
    "office": "Singapore",
    "age": 25,
    "phone_no": "+442566156222",
    "date":"6/10/2016"
  },
  {
    "id": 3,
    "image":"assets/images/avatar-3.jpg",
    "name": "Jacob",
    "email": "Jacob@domain.com",
    "position": "Web Developer",
    "office": "London",
    "age": 45,
    "phone_no": "+419996156222",
    "date":"11/09/2014"
  },
  {
    "id": 4,
    "image":"assets/images/avatar-5.jpg",
    "name": "Mark",
    "email": "Mark@domain.com",
    "position": "Chief Financial officer (CFO)",
    "office": "Abu Dhabi",
    "age": 33,
    "phone_no": "+124455645889",
    "date":"01/05/2013"
  },
  {
    "id": 5,
    "image":"assets/images/avatar-4.jpg",
    "name": "Steve",
    "email": "Steve@domain.com",
    "position": "Customer Support",
    "office": "New York",
    "age": 48,
    "phone_no": "+111322574563",
    "date":"02/1/2012"
  },
  {
    "id": 6,
    "image":"assets/images/avatar-1.jpg",
    "name": "Larry the Bird",
    "email": "Larry@domain.com",
    "position": "Team Leader",
    "office": "San Francisco",
    "age": 22,
    "phone_no": "+146772555563",
    "date":"19/12/2015"
  },
  {
    "id": 7,
    "image":"assets/images/avatar-2.jpg",
    "name": "Colleen Hurst",
    "email": "ColleenHurst@domain.com",
    "position": "Systems Administrator",
    "office": "Edinburgh",
    "age": 61,
    "phone_no": "+132563566000",
    "date":"12/05/2016"
  },
  {
    "id": 8,
    "image":"assets/images/avatar-3.jpg",
    "name": "Charde Marshall",
    "email": "Charde@domain.com",
    "position": "Director",
    "office": "Hong Kong",
    "age": 35,
    "phone_no": "+124567254789",
    "date":"06/09/2016"
  },
  {
    "id": 9,
    "image":"assets/images/avatar-4.jpg",
    "name": "Cedric Kelly",
    "email": "Cedric@domain.com",
    "position": "Senior Marketing Designer",
    "office": "London",
    "age": 38,
    "phone_no": "+142632446563",
    "date":"26/03/2012"
  },
  {
    "id": 10,
    "image":"assets/images/avatar-5.jpg",
    "name": "Caesar Vance",
    "email": "Caesar@domain.com",
    "position": "Software Engineer",
    "office": "New York",
    "age": 48,
    "phone_no": "+163632525963",
    "date":"11/04/2013"
  },
  {
    "id": 11,
    "image":"assets/images/avatar-1.jpg",
    "name": "Brielle Williamson",
    "email": "Brielle@domain.com",
    "position": "Secretary",
    "office": "San Francisco",
    "age": 41,
    "phone_no": "+198522564593",
    "date":"12/07/2016"
  },
  {
    "id": 12,
    "image":"assets/images/avatar-2.jpg",
    "name": "Sortino",
    "email": "Sortino@domain.com",
    "position": "Accountant",
    "office": "New York",
    "age": 45,
    "phone_no": "+447662552550",
    "date":"12/12/2016"
  },
  {
    "id": 13,
    "image":"assets/images/avatar-3.jpg",
    "name": "Sortino",
    "email": "Sortino@domain.com",
    "position": "Accountant",
    "office": "New York",
    "age": 45,
    "phone_no": "+447662552550",
    "date":"12/12/2016"
  },
  {
    "id": 14,
    "image":"assets/images/avatar-4.jpg",
    "name": "Sortino",
    "email": "Sortino@domain.com",
    "position": "Accountant",
    "office": "New York",
    "age": 45,
    "phone_no": "+447662552550",
    "date":"12/12/2016"
  },
  {
    "id": 15,
    "image":"assets/images/avatar-5.jpg",
    "name": "Sortino",
    "email": "Sortino@domain.com",
    "position": "Accountant",
    "office": "New York",
    "age": 45,
    "phone_no": "+447662552550",
    "date":"12/12/2016"
  },
  {
    "id": 16,
    "image":"assets/images/avatar-1.jpg",
    "name": "Sortino",
    "email": "Sortino@domain.com",
    "position": "Accountant",
    "office": "New York",
    "age": 45,
    "phone_no": "+447662552550",
    "date":"12/12/2016"
  },
  {
    "id": 17,
    "image":"assets/images/avatar-2.jpg",
    "name": "Jenu Shash",
    "email": "Jenu@domain.com",
    "position": "Director",
    "office": "Bogota",
    "age": 28,
    "phone_no": "+144422563456",
    "date":"22/12/2011"
  },
  {
    "id": 18,
    "image":"assets/images/avatar-3.jpg",
    "name": "parimal",
    "email": "parimal@domain.com",
    "position": "Financial Controller",
    "office": "London",
    "age": 41,
    "phone_no": "+447662552550",
    "date":"12/12/2016"
  },
  {
    "id": 19,
    "image":"assets/images/avatar-5.jpg",
    "name": " krish patel",
    "email": "krish@domain.com",
    "position": "Developer",
    "office": "George Town",
    "age": 30,
    "phone_no": "+362532566563",
    "date":"06/12/2012"
  }
]
